"cluster","cluster_size","feature","mean","n"
1,72,"sexmale",0.527777777777778,38
1,72,"variant_proteinp.Arg1617Gln",0.0694444444444444,5
1,72,"variant_proteinp.Arg1872Gln",0.0138888888888889,1
1,72,"variant_proteinp.Arg1872Leu",0.0277777777777778,2
1,72,"variant_proteinp.Arg1872Trp",0.0416666666666667,3
1,72,"variant_proteinp.Arg850.",0.0138888888888889,1
1,72,"variant_proteinp.Arg850Gln",0.0555555555555556,4
1,72,"variant_proteinp.Asn1877Ser",0.0277777777777778,2
1,72,"variant_proteinp.Asp1720Thrfs.4",0,0
1,72,"variant_proteinp.Glu587.",0,0
1,72,"variant_proteinp.Gly1475Arg",0.0416666666666667,3
1,72,"variant_protein_other",0.694444444444444,50
1,72,"sz_spasms",0.152777777777778,11
1,72,"sz_tonic.clonic",0.319444444444444,23
1,72,"sz_focal",0.402777777777778,29
1,72,"sz_myoclonic",0.125,9
1,72,"sz_clonic",0.0833333333333333,6
1,72,"sz_tonic",0.236111111111111,17
1,72,"sz_absence",0.0277777777777778,2
1,72,"diag_cardio",0.361111111111111,26
1,72,"diag_muscoloskeletal",0.722222222222222,52
1,72,"diag_gastro",0.652777777777778,47
1,72,"hosp_sz",0.694444444444444,50
1,72,"hosp_pneumonia",0.0416666666666667,3
1,72,"hosp_status",0.180555555555556,13
1,72,"eeg_background",0.472222222222222,34
1,72,"eeg_normal",0.625,45
1,72,"eeg_epileptiform",0.680555555555556,49
1,72,"eeg_paroxysmal_abnormalities",0.0972222222222222,7
1,72,"dev_Ability.to.babble",0.347222222222222,25
1,72,"dev_Ability.to.belly.crawl",0.0416666666666667,3
1,72,"dev_Ability.to.control.head.posture",0.180555555555556,13
1,72,"dev_Ability.to.crawl",0.0555555555555556,4
1,72,"dev_Ability.to.cruise",0.0416666666666667,3
1,72,"dev_Ability.to.grasp",0.319444444444444,23
1,72,"dev_Ability.to.jump",0.0138888888888889,1
1,72,"dev_Ability.to.perform.hand.functions",0.111111111111111,8
1,72,"dev_Ability.to.pull.to.stand",0.0972222222222222,7
1,72,"dev_Ability.to.reach",0.402777777777778,29
1,72,"dev_Ability.to.recognize.spoken.word",0.0138888888888889,1
1,72,"dev_Ability.to.roll",0.333333333333333,24
1,72,"dev_Ability.to.roll..back.to.front.",0.111111111111111,8
1,72,"dev_Ability.to.roll..front.to.back.",0.125,9
1,72,"dev_Ability.to.scoot",0.0138888888888889,1
1,72,"dev_Ability.to.sit.unsupported",0.263888888888889,19
1,72,"dev_Ability.to.stand",0.0972222222222222,7
1,72,"dev_Ability.to.use.at.least.one.word",0.111111111111111,8
1,72,"dev_Ability.to.use.non.verbal.communication",0.0277777777777778,2
1,72,"dev_Ability.to.use.palmar.grasp",0.0555555555555556,4
1,72,"dev_Ability.to.use.pincer.grasp",0.0694444444444444,5
1,72,"dev_Ability.to.use.sign.language",0.0138888888888889,1
1,72,"dev_Ability.to.vocalize",0.444444444444444,32
1,72,"dev_Ability.to.weight.bear",0.0277777777777778,2
1,72,"age_onset_m",8.13194444444444,70
1,72,"cluster_size",72,1
2,3,"sexmale",1,3
2,3,"variant_proteinp.Arg1617Gln",0,0
2,3,"variant_proteinp.Arg1872Gln",0,0
2,3,"variant_proteinp.Arg1872Leu",0,0
2,3,"variant_proteinp.Arg1872Trp",0,0
2,3,"variant_proteinp.Arg850.",0,0
2,3,"variant_proteinp.Arg850Gln",0,0
2,3,"variant_proteinp.Asn1877Ser",0,0
2,3,"variant_proteinp.Asp1720Thrfs.4",0,0
2,3,"variant_proteinp.Glu587.",0,0
2,3,"variant_proteinp.Gly1475Arg",0,0
2,3,"variant_protein_other",1,3
2,3,"sz_spasms",0,0
2,3,"sz_tonic.clonic",0,0
2,3,"sz_focal",0,0
2,3,"sz_myoclonic",0,0
2,3,"sz_clonic",0,0
2,3,"sz_tonic",0,0
2,3,"sz_absence",0,0
2,3,"diag_cardio",0,0
2,3,"diag_muscoloskeletal",0,0
2,3,"diag_gastro",0,0
2,3,"hosp_sz",0,0
2,3,"hosp_pneumonia",0,0
2,3,"hosp_status",0,0
2,3,"eeg_background",0,0
2,3,"eeg_normal",0,0
2,3,"eeg_epileptiform",0,0
2,3,"eeg_paroxysmal_abnormalities",0,0
2,3,"dev_Ability.to.babble",0,0
2,3,"dev_Ability.to.belly.crawl",0,0
2,3,"dev_Ability.to.control.head.posture",0,0
2,3,"dev_Ability.to.crawl",0,0
2,3,"dev_Ability.to.cruise",0,0
2,3,"dev_Ability.to.grasp",0,0
2,3,"dev_Ability.to.jump",0,0
2,3,"dev_Ability.to.perform.hand.functions",0,0
2,3,"dev_Ability.to.pull.to.stand",0,0
2,3,"dev_Ability.to.reach",0,0
2,3,"dev_Ability.to.recognize.spoken.word",0,0
2,3,"dev_Ability.to.roll",0,0
2,3,"dev_Ability.to.roll..back.to.front.",0,0
2,3,"dev_Ability.to.roll..front.to.back.",0,0
2,3,"dev_Ability.to.scoot",0,0
2,3,"dev_Ability.to.sit.unsupported",0,0
2,3,"dev_Ability.to.stand",0,0
2,3,"dev_Ability.to.use.at.least.one.word",0,0
2,3,"dev_Ability.to.use.non.verbal.communication",0,0
2,3,"dev_Ability.to.use.palmar.grasp",0,0
2,3,"dev_Ability.to.use.pincer.grasp",0,0
2,3,"dev_Ability.to.use.sign.language",0,0
2,3,"dev_Ability.to.vocalize",0,0
2,3,"dev_Ability.to.weight.bear",0,0
2,3,"age_onset_m",6,3
2,3,"cluster_size",3,1
